url_name,model_name,verbose_name,arabic_name,attachments_arabic,form_fields_arabic,detail_models_arabic,detail_fields_arabic
app_gold_production_list,AppGoldProduction,Application: Gold Production,استمارة انتاج الذهب,مرفق استمارة الانتاج,رقم الاستمارة,تفاصيل استمارة الانتاج,تاريخ الصهر، رقم السبيكة، وزن السبيكة، وزن المركز الجاف، وزن الخبث، وزن الذهب المضاف للصهر، وزن الذهب المتبقي
app_borrow_list,AppBorrowMaterial,Application: BorrowMaterials,طلب استلاف مواد,‫كشف‬‫ المواد‬ ‫المراد‬ ‫إستالفها‬، ‫موافقة‬‫الشركة‬ ‫المستلف‬ ‫منها‬,الشركة المستلف منها (كتابة)، تاريخ الاستلاف,تفاصيل المواد المستلفة,المواد المستلفة، الكمية المستلفة
app_work_plan_list,AppWorkPlan,Application: Work Plan,طلب خطة عمل,خطاب رسمي من الشركة، ملف خطة العمل,بداية الخطة، نهاية الخطة، تعليق على الخطة,,
app_technical_financial_report_list,AppTechnicalFinancialReport,Application: Technical & Financial Report,طلب تقرير فني ومالي,ملف التقرير، ملف المرفقات الاخرى,بداية التقرير، نهاية التقرير، نوع التقرير، Covering letter,,
app_change_company_name_list,AppChangeCompanyName,Application: Company Name Change,طلب تغيير اسم شركة,شهادة تأسيس، عقد تأسيس، شهادة ش7، لائحة النظام الاساسي، اخطار تغيير الاسم,الاسم الجديد، سبب التغيير,,
app_tnazol_shraka_list,AppTnazolShraka,Application: Tnazol Shraka,طلب تنازل عن اسهم او شراكة,المقدرة المالية، السيرة الذاتية، ملف عقد الاتفاق,نوع التنازل، التنازل عن الاسهم لشركة، اسباب التنازل,,
app_tajmeed_list,AppTajmeed,Application: Tajmeed,طلب تجمييد,مسببات القوة القاهرة، خطاب من الجهة الامنية بالمنطقة,بداية التجمييد، نهاية التجميد، سبب التجمييد,,
app_takhali_list,AppTakhali,Application: Takhali,طلب تخلي,ملف التقرير الفني,تاريخ العرض الفني، مسببات التخلي,,
app_tamdeed_list,AppTamdeed,Application: Tamdeed,طلب تمديد/تجديد,خطة العمل المجازة، ‫التنازل‬‫ عن‬ ‫جزء‬ ‫من‬ ‫مساحة‬ ‫المربع‬,بداية التمديد، نهاية التمديد، مسببات التمديد,,
app_taaweed_list,AppTaaweed,Application: Taaweed,طلب تعويض,,بداية التعويض، نهاية التعويض، مسببات التعويض,,
app_change_work_procedure_list,AppChangeWorkProcedure,Application: Change Work Procedure,طلب تغيير طريقة العمل,دراسة عن اسباب التغيير، دراسة للمقترح الجديد,اسباب الحاجة لتغيير طريقة العمل او المعالجة، الغرض من تغيير طريقة العمل او المعالجة، الاساس المنطقي لتغيير طريقة العمل او المعالجة,,
app_export_gold_list,AppExportGold,Application: Export Gold,طلب صادر ذهب,‫إستمارة‬‫ الانتاج ‫الموقعة‬ ‫من‬ ‫الحقل‬ ‫(‫الشحن‬‫ والترحيل‬)‬، ‫إستمارة‬‫الشحن، ‫شهادة‬‫التحصيل‬ ‫للعوائد‬ ‫الجليلة‬ ‫وشهادة‬ ‫الزكاة‬ ‫وارباح‬ ‫االعمال‬ ‫وتنمية‬ ‫المجتمع ‫المحلي‬‫ صادرة‬ ‫عن‬ ‫مصفاة‬ ‫السودان‬ ‫للذهب‬، ‫إستمارة‬‫إستلام‬ ‫معادن‬ ‫من‬ ‫المصفاة، ‫شهادة‬‫تحليل‬ ‫من‬ ‫المواصفات‬ ‫والمقاييس‬ ‫(‬‫فحص ‬‫سبائك‬ ‫الصادر‬)، ‫خطاب ‬‫معنون‬ ‫الى‬ ‫وكيل‬ ‫اول‬ ‫وزارة‬ ‫التجارة‬ ‫الخارجية‬ ‫صادرة‬‫عن‬ ‫المواصفات ‫والمقاييس‬، ‫عقد‬‫البيع‬ ‫لسبائك‬ ‫الصادر‬، ‫شهادة‬‫التحليل‬ ‫من‬ ‫المصفاة‬,اجمالي انتاج الشركة بالجرام، اجمالي الوزن الصافي بالجرام، استلام الزكاة صافي بالجرام، استلام العوائد الجليلة صافي بالجرام، استلام ارباح اعمال صافي بالجرام (للمخلفات فقط)، الكمية المباعة لبنك السودان المركزي صافي بالجرام، الكمية المراد تصديرها صافي بالجرام، متبقي الذهب عند المصفاة,,
app_foreigner_procedure_list,AppForeignerProcedure,Application: Foreigner procedure,طلب اجراءات اجنبي,خطاب رسمي من الشركة، صورة من الجواز، السيرة الذاتية، شهادات الخبرة المعتمدة، صورة من الاقامة وعقد العمل في حالة كرت العمل فقط، صورة من الدعوة في حالة الزيارة ,، تاريخ البداية، تاريخ النهاية، الغرض من التصديق,تفاصيل اجراءات اجانب,الاسم، العنوان
app_aifaa_jomrki_list,AppAifaaJomrki,Application: Aifaa Jomrki,طلب اعفاء جمركي,كشف الاحتياجات المجاز، تصديق وزارة المالية المبدئي، الفواتير النهائية، بوليصة الشحن، شهادة الفحص، شهادة المنشأ، شهادة التغليف، شهادة المواصفات، قوائم التعبئة,,تفاصيل اعفاء جمركي,المواد المطلوبة
app_requirements_list_list,AppRequirementsList,Application: Requirements List,طلب كشف احتياجات,خطة العمل المجازة، فاتورة مبدئية، شهادة المواصفات، كشف المسحوبات من الجمارك للكشف السابق ان وجد، الفواتير السابقة,,معدات المناجم، معدات المصنع، محطة الكهرباء، معدات المعمل الكيميائي، المواد الكيميائية، المتفجرات، الاليات والمتحركات,البند، الوصف، الكمية
app_visibility_study_list,AppVisibityStudy,Application: Visibity Study,طلب دراسة جدوى,المرفقات,، اسم منطقة الدراسة، نوع الدراسة، تعليق مختصر عن الدراسة,إحداثيات منطقة الدراسة,Point ID، Long/ East/ X، Lat/ West/ Y
app_local_purchase_list,AppLocalPurchase,Application: Local Purchase,طلب شراء محلي,ملف خطاب الشركة، ملف الفواتير,,,
app_cyanide_certificate_list,AppCyanideCertificate,Application: Cyanide Certificate,طلب شهادة مستخدم سيانيد,ملف خطاب الشركة,,,
app_renewal_contract_list,AppRenewalContract,Application: Renewal Contract,طلب تجديد عقود ورخص تعدين,المرفقات,,,
app_import_permission_list,AppImportPermission,Application: Import Permission,طلب اذن ادخال مواد,ملف كشف المواد المراد ادخالها,,تفاصيل ادخال مواد,نوع المواد، الكمية
app_fuel_permission_list,AppFuelPermission,Application: Fuel Permission,طلب موافقة وقود,ملف خطاب الشركة,,تفاصيل موافقة وقود,نوع الوقود، كمية الوقود
app_whom_concern_list,AppWhomConcern,Application: Whom may concern request,طلب شهادة لمن يهمه الامر,ملف شهادة لمن يهمه الامر,الغرض من الشهادة، الموضوع,,
